<?xml version="1.0"?>
<doc>
    <assembly>
        <name>EzPay.Api.Process</name>
    </assembly>
    <members>
        <member name="M:EzPay.Api.Process.Controllers.JobController.#ctor(Microsoft.Extensions.Configuration.IConfiguration,EzPay.ApplicationCore.Interfaces.Services.IJobService,EzPay.ApplicationCore.Interfaces.Services.IApplicationService,EzPay.ApplicationCore.Interfaces.Services.IInputService,EzPay.ApplicationCore.Interfaces.Services.IHistoryJobService,EzPay.ApplicationCore.Interfaces.Services.IWorkFlowService,EzPay.ApplicationCore.Interfaces.Services.IStorageService,EzPay.ApplicationCore.Interfaces.Services.IQueueService,EzPay.ApplicationCore.Interfaces.Services.Common.IBatchService,EzPay.ApplicationCore.Interfaces.Services.IProcessService)">
            <summary>
            
            </summary>
            <param name="configuration"></param>
            <param name="jobService"></param>
            <param name="applicationService"></param>
            <param name="inputService"></param>
            <param name="historyJobService"></param>
            <param name="workFlowService"></param>
            <param name="storageService"></param>
            <param name="queueService"></param>
            <param name="batchService"></param>
            <param name="processService"></param>
        </member>
        <member name="M:EzPay.Api.Process.Controllers.JobController.GetJob(System.String)">
            <summary>
            Retorna o status do processamento.
            </summary>
            <param name="jobId"></param>
            <returns></returns>
        </member>
        <member name="M:EzPay.Api.Process.Controllers.JobController.CreateJobAsync(EzPay.Api.Process.ViewModel.JobViewModel)">
            <summary>
            Cria uma requisição de processamento.
            </summary>
            <param name="jobViewModel"></param>
            <returns></returns>
        </member>
        <member name="M:EzPay.Api.Process.Controllers.JobController.UploadInputPartAsync(System.String,System.Int32,System.Boolean,System.String,System.String)">
            <summary>
            Efetua o upload de um arquivo em partes.
            </summary>
            <param name="jobId"></param>
            <param name="currentPart"></param>
            <param name="lastPart"></param>
            <param name="uploadId"></param>
            <param name="identifier"></param>
            <returns></returns>
        </member>
        <member name="M:EzPay.Api.Process.Controllers.JobController.UploadInputAsync(System.String,System.String,System.String)">
            <summary>
            Efetua o upload completo do arquivo.
            </summary>
            <param name="jobId"></param>
            <param name="identifier"></param>
            <param name="secret"></param>
            <returns></returns>
        </member>
        <member name="M:EzPay.Api.Process.Controllers.JobController.CompleteInputAsync(EzPay.Api.Process.ViewModel.CompleteInputViewModel)">
            <summary>
            Completa o upload em partes.
            </summary>
            <param name="completeInput"></param>
            <returns></returns>
        </member>
        <member name="M:EzPay.Api.Process.Controllers.JobController.StartJobAsync(EzPay.Api.Process.ViewModel.JobViewModel)">
            <summary>
            Inicia o processamento do job.
            </summary>
            <param name="jobViewModel"></param>
            <returns></returns>
        </member>
        <member name="M:EzPay.Api.Process.Controllers.JobController.ResumeJobAsync(EzPay.Api.Process.ViewModel.JobViewModel)">
            <summary>
            Reinicia o processamento do job.
            </summary>
            <param name="jobViewModel"></param>
            <returns></returns>
        </member>
        <member name="M:EzPay.Api.Process.Controllers.JobController.AbortProcessJobAsync(EzPay.Api.Process.ViewModel.JobViewModel)">
            <summary>
            Aborta o processamento do job informado.
            </summary>
            <param name="jobViewModel"></param>
            <returns></returns>
        </member>
        <member name="M:EzPay.Api.Process.Controllers.JobController.CancelProcessJobAsync(EzPay.Api.Process.ViewModel.JobViewModel)">
            <summary>
            Exclui o processamento da fila.
            </summary>
            <param name="jobViewModel"></param>
            <returns></returns>
        </member>
        <member name="T:EzPay.Api.Process.LambdaEntryPoint">
            <summary>
            This class extends from APIGatewayProxyFunction which contains the method FunctionHandlerAsync which is the 
            actual Lambda function entry point. The Lambda handler field should be set to
            
            EzPay.Api.Process::EzPay.Api.Process.LambdaEntryPoint::FunctionHandlerAsync
            </summary>
        </member>
        <!-- Badly formed XML comment ignored for member "M:EzPay.Api.Process.LambdaEntryPoint.Init(Microsoft.AspNetCore.Hosting.IWebHostBuilder)" -->
        <member name="T:EzPay.Api.Process.LocalEntryPoint">
            <summary>
            The Main function can be used to run the ASP.NET Core application locally using the Kestrel webserver.
            </summary>
        </member>
    </members>
</doc>
