<?xml version="1.0"?>
<doc>
    <assembly>
        <name>EzPay.Api.Document</name>
    </assembly>
    <members>
        <member name="T:EzPay.Api.Document.LambdaEntryPoint">
            <summary>
            This class extends from APIGatewayProxyFunction which contains the method FunctionHandlerAsync which is the 
            actual Lambda function entry point. The Lambda handler field should be set to
            
            EzPay.Api.Document::EzPay.Api.Document.LambdaEntryPoint::FunctionHandlerAsync
            </summary>
        </member>
        <!-- Badly formed XML comment ignored for member "M:EzPay.Api.Document.LambdaEntryPoint.Init(Microsoft.AspNetCore.Hosting.IWebHostBuilder)" -->
        <member name="T:EzPay.Api.Document.LocalEntryPoint">
            <summary>
            The Main function can be used to run the ASP.NET Core application locally using the Kestrel webserver.
            </summary>
        </member>
    </members>
</doc>
